Gene,GTPV_SNPs/Kb,GTPV_Mutations/Kb,SPPV_SNPs/Kb,SPPV_Mutations/Kb
LSDV001,21.7,79.5,6.0,24.2
LSDV002,28.8,126.6,12.3,72.4
LSDV003,42.2,166.0,10.6,44.5
LSDV004,10.9,39.9,13.3,120.0
LSDV005,19.3,58.0,9.8,74.4
LSDV006,11.5,48.9,4.3,5.7
LSDV007,16.5,61.4,5.6,31.8
LSDV008,36.5,95.4,15.6,79.3
LSDV009,38.4,129.5,18.9,72.4
LSDV010,22.3,84.5,8.1,125.0
LSDV011,30.4,122.4,8.0,19.5
LSDV012,47.4,171.3,6.2,35.9
LSDV013,39.5,166.8,13.5,106.8
LSDV014,23.0,108.6,11.1,114.8
LSDV015,11.8,39.2,10.2,26.5
LSDV016,24.0,85.6,7.4,33.3
LSDV017,18.4,53.4,7.5,30.1
LSDV018,15.9,56.7,8.9,8.9
LSDV019,15.3,58.8,7.0,32.1
LSDV020,28.9,109.3,8.3,20.7
LSDV021,29.6,78.8,12.5,20.8
LSDV022,15.1,33.1,6.3,91.8
LSDV023,13.6,86.4,0.0,0.0
LSDV024,16.7,62.3,1.5,1.5
LSDV025,37.8,126.5,5.2,20.0
LSDV026,40.1,158.2,12.4,108.5
LSDV027,13.2,51.7,4.7,37.9
LSDV028,12.6,56.6,6.3,8.1
LSDV029,13.3,13.3,6.8,20.5
LSDV030,22.8,66.2,4.5,46.8
LSDV031,16.6,60.5,0.0,0.0
LSDV032,15.5,61.9,1.4,21.1
LSDV033,14.0,47.4,5.9,23.6
LSDV034,11.2,46.8,7.5,35.6
LSDV035,5.3,33.5,3.3,3.3
LSDV036,8.2,34.4,3.3,5.0
LSDV037,11.2,34.1,2.9,21.2
LSDV038,18.8,60.2,2.5,26.2
LSDV039,17.8,74.5,3.6,19.5
LSDV040,20.8,62.5,0.0,0.0
LSDV041,10.2,28.0,2.5,5.1
LSDV042,22.3,74.1,5.4,10.2
LSDV043,15.7,59.7,7.4,9.5
LSDV044,4.6,37.0,4.6,41.1
LSDV045,20.3,78.9,2.4,10.8
LSDV046,8.4,25.3,0.0,0.0
LSDV047,10.1,52.1,4.2,22.8
LSDV048,9.2,33.8,3.8,16.1
LSDV049,14.3,59.1,5.4,30.0
LSDV050,15.7,48.7,5.6,30.7
LSDV051,7.5,35.9,3.0,3.0
LSDV052,18.0,75.1,0.0,0.0
LSDV053,18.4,68.2,2.6,28.9
LSDV054,10.7,32.0,3.8,13.7
LSDV055,15.6,72.9,0.0,0.0
LSDV056,17.1,81.9,1.9,3.8
LSDV057,12.5,41.0,4.5,66.0
LSDV058,15.3,60.0,10.2,17.9
LSDV059,17.6,66.5,4.9,7.9
LSDV060,23.0,106.9,0.0,0.0
LSDV061,14.3,32.3,7.2,7.2
LSDV062,12.4,42.3,2.1,5.2
LSDV063,6.6,23.6,1.3,1.3
LSDV064,20.2,88.2,2.5,2.5
LSDV065,11.2,29.2,9.0,9.0
LSDV066,20.4,63.1,3.7,26.2
LSDV067,8.4,40.5,0.0,0.0
LSDV068,8.9,36.7,2.0,2.0
LSDV069,23.1,74.6,7.2,57.2
LSDV070,12.4,44.8,0.0,0.0
LSDV071,11.9,50.2,5.2,22.6
LSDV072,15.5,50.4,0.0,0.0
LSDV073,13.9,59.2,3.5,3.5
LSDV074,13.4,56.8,2.1,2.1
LSDV075,20.8,87.0,2.9,23.4
LSDV076,5.5,15.2,7.4,22.3
LSDV077,9.4,27.1,1.0,1.0
LSDV078,6.8,42.8,0.0,0.0
LSDV079,14.6,65.9,4.0,26.9
LSDV080,12.8,53.4,6.4,23.5
LSDV081,13.5,56.7,6.8,43.4
LSDV082,21.3,74.6,3.0,15.2
LSDV083,6.8,19.9,2.5,5.9
LSDV084,8.9,32.0,4.7,16.2
LSDV085,20.3,79.3,6.1,28.5
LSDV086,14.0,67.0,4.7,18.7
LSDV087,10.5,35.4,1.3,6.6
LSDV088,17.3,61.3,0.5,14.7
LSDV089,9.3,40.5,2.3,5.8
LSDV090,11.5,44.8,9.1,33.3
LSDV091,8.8,44.2,2.2,61.8
LSDV092,13.2,36.5,0.0,0.0
LSDV093,4.4,13.2,4.4,4.4
LSDV094,12.5,52.6,3.0,17.1
LSDV095,4.1,24.5,6.1,69.5
LSDV096,4.0,9.9,5.9,31.4
LSDV097,8.8,32.5,0.0,0.0
LSDV098,11.2,41.5,3.3,14.9
LSDV099,12.6,56.1,6.9,8.0
LSDV100,25.3,84.4,4.2,4.2
LSDV101,15.1,61.5,4.8,42.7
LSDV102,20.9,81.5,2.1,3.1
LSDV103,12.2,55.7,5.2,38.3
LSDV104,19.6,107.8,0.0,0.0
LSDV105,0.0,0.0,6.9,13.9
LSDV106,30.3,97.0,0.0,0.0
LSDV107,3.5,10.4,6.9,100.7
LSDV108,15.0,54.7,6.2,28.2
LSDV109,8.5,20.5,5.1,8.5
LSDV110,22.9,77.6,5.5,22.9
LSDV111,13.3,31.1,0.0,0.0
LSDV112,8.9,26.8,3.1,10.8
LSDV113,11.5,37.4,0.0,0.0
LSDV114,11.1,37.0,2.0,25.6
LSDV115,8.6,35.3,5.2,12.1
LSDV116,16.1,62.2,4.9,24.8
LSDV117,8.9,26.8,15.7,33.6
LSDV118,11.8,49.6,11.8,75.7
LSDV119,8.8,26.3,6.6,6.6
LSDV120,7.9,18.5,0.0,0.0
LSDV121,16.9,57.2,7.8,20.8
LSDV122,18.5,73.9,11.8,37.2
LSDV123,9.6,48.2,1.9,1.9
LSDV124,6.9,24.2,1.7,50.3
LSDV125,12.7,61.0,3.5,13.8
LSDV126,19.3,59.7,0.0,0.0
LSDV127,18.1,59.2,1.2,3.6
LSDV128,26.0,98.6,12.1,30.8
LSDV129,16.9,59.3,5.3,29.4
LSDV130,87.8,316.8,30.2,148.9
LSDV131,54.8,201.6,21.5,107.3
LSDV132,22.5,97.4,5.9,17.8
LSDV133,21.1,74.3,7.1,27.3
LSDV134,17.6,66.5,6.9,25.5
LSDV135,29.5,122.0,17.0,96.0
LSDV136,18.1,79.7,0.0,0.0
LSDV137,12.7,40.2,5.9,17.8
LSDV138,17.8,90.9,3.6,5.3
LSDV139,21.6,91.8,6.5,7.6
LSDV140,23.5,102.4,2.8,2.8
LSDV141,8.8,36.9,20.7,59.3
LSDV142,38.7,94.6,4.9,4.9
LSDV143,23.1,77.0,7.7,65.7
LSDV144,14.1,51.7,6.6,34.1
LSDV145,17.2,55.7,7.9,19.4
LSDV146,15.9,60.5,7.2,49.0
LSDV147,18.7,86.6,4.7,12.7
LSDV148,24.5,100.4,16.4,34.9
LSDV149,11.8,35.5,7.9,6.9
LSDV150,16.5,74.1,4.1,4.1
LSDV151,20.5,84.9,20.5,66.3
LSDV152,69.9,158.5,11.5,33.9
LSDV153,45.5,171.8,7.2,97.8
LSDV154,NA,NA,13.7,69.8
